{"Journalist": [0.7251890776763158, 0.7028079422237797], "Researcher": [-0.9660619524791699, -0.0887156676032464], "Writer": [-0.5839350362764025, -0.2871669338112077], "Doctor": [-0.570151075722223, 0.525122084904544], "Coach": [-0.37472647043976937, -0.8492936244407786], "CEO": [-0.9393370112905207, -0.26302046575049964], "Engineer": [-0.28297754594656954, 0.60564093546883], "Athlete": [0.6552967619291911, 0.41864989332290103], "Professor": [1.0, -0.2460861867348303], "Director": [-0.7023542541991425, 0.43402479706656566], "Consultant": [0.5341904416137627, 0.8709142567021977], "Player": [-0.2724129753327925, -0.8885140198589764], "M.D.": [0.8121753760826265, 0.3253753381165119], "Surgeon": [-0.16399490052485025, -0.5879196957186051], "Developer": [0.7458241656300936, -0.06052148490031205], "Designer": [0.8183000231270686, -0.6534621443997625], "Editor": [0.24889783910585675, 0.8918838820309067], "Artist": [0.4851764215123547, -0.6372702045505633], "Manager": [0.06185166961355564, 0.8704522548589195], "Writer_moh": [-0.6587823418725157, -0.2275237237975189], "Doctor_mmh": [-0.5933824873823944, 0.7184691110520711], "Doctor_mhm": [-0.7143819758789365, 0.6653827669477992], "Doctor_": [-0.7287277477718681, 0.3948368749515903], "Coach_": [-0.21899565000985693, -0.8070956040387404], "CEO_": [-0.7987716100227807, -0.17518386011983797], "Engineer_m": [-0.17058192349412468, 0.5263975320171075], "Engineer_@": [-0.282454768458452, 0.43045471733452284], "Engineer_p": [-0.4144786398194806, 0.6592135267775642], "Engineer_c": [-0.26306721082019935, 0.7470379823908964], "Athlete_mo": [0.5618814687763686, 0.4454415629832957], "Professor_": [0.986649907248074, -0.14533017541284407], "Director_": [-0.6412628172101298, 0.5249701522555855], "Director_m": [-0.8537952526800509, 0.3889800081932819], "Player_per": [-0.258270256166389, -0.7389213135145563], "Player_Moh": [-0.09527776160056639, -0.9377277322054961], "Player_103": [-0.1735807084371588, -0.9043956797387681], "Player_moh": [-0.455537007752695, -0.9173484124571795], "M.D._moham": [0.9420912938498143, 0.394497363558804], "Surgeon_": [-0.029169595806449785, -0.6439726630024565], "Surgeon_mr": [-0.3110269404769192, -0.5689511966569436], "Developer_": [0.8584256235139658, -0.01644445101717085], "Designer_M": [0.840230398827635, -0.495886561759751], "Designer_m": [0.7219180449358111, -0.7501528720753419], "Designer_": [0.8292718770924842, -0.5722425208711545], "Editor_Moh": [0.15619005826152052, 0.9503347757240107], "Artist_mah": [0.44780683302602636, -0.7312858725070416], "Manager_mo": [0.08612863604988147, 0.7035453080618997]}