{"Journalist": [0.5446990294516708, -0.7181427523622392], "Researcher": [0.7217732998306984, 0.7571789659052875], "Doctor": [0.1677774443484178, 0.5834807429656361], "Athlete": [0.8095231945176607, 0.15180738681235018], "Writer": [-0.23862799768870627, -1.0], "Coach": [-0.8419238811595323, -0.15620777388996038], "CEO": [0.5467144598143259, -0.46877587664315407], "Consultant": [0.7876435101597193, -0.5992739162104106], "Professor": [-0.7099178687776161, 0.18409969064436008], "Director": [-0.5070592861753748, 0.6035611497208896], "Player": [0.47417594872978197, 0.5400212853090212], "M.D.": [-0.7264961383814859, 0.5364348916764499], "Surgeon": [-0.5578940554874474, -0.49453025268578527], "Designer": [-0.2924455760847165, -0.9932157009189091], "Editor": [-0.35276780815665715, -0.8165180751086419], "Engineer": [0.7945478743339452, 0.04926878676892133], "Developer": [-0.5603493412258888, -0.1862944721728414], "Artist": [0.4105017372122136, -0.8311785225869551], "Actor": [-0.5111622028920768, -0.6539110826491927], "Manager": [-0.7001110994453393, 0.5931408043630235], "Doctor_mhm": [0.24138543632328072, 0.7567029545501139], "Doctor_mmh": [0.15583167827331343, 0.236789376284829], "Doctor_Moh": [0.13560228003391203, 0.7694029055303429], "Doctor_": [0.3319200228083077, 0.6880745663593912], "Doctor_drm": [0.04076509339195549, 0.7275409296674391], "Athlete_": [0.9128972172284076, 0.2832475606153542], "Athlete_mo": [0.9338227002867435, -0.0021009008602736216], "Writer_moh": [-0.3584491917675039, -0.8767966321354054], "Coach_": [-0.9662947244443996, -0.20358426435183172], "CEO_": [0.4274176475626749, -0.39433191502986414], "Professor_": [-0.6287244690381898, 0.1415033840768194], "Director_": [-0.572640087804675, 0.7947020687740162], "Director_m": [-0.45426231150238894, 0.46520295986336563], "Player_Moh": [0.3699535694769949, 0.6158078484576337], "Player_per": [0.30945111016018945, 0.4508467802806878], "Player_103": [0.5963464256225219, 0.7065987005406383], "Player_": [0.4261654167712898, 0.3688481149782876], "Player_1": [0.5986501516966948, 0.5039233660961988], "M.D._moham": [-0.8140958541851016, 0.6490443442846577], "Surgeon_": [-0.7166044734452353, -0.5085736592295046], "Surgeon_mr": [-0.6524137203435245, -0.625956715169483], "Designer_M": [-0.15478015817475266, -0.9174719744397034], "Editor_Moh": [-0.44178035986165937, -0.7212807786878205], "Engineer_m": [0.9965733059134827, 0.11887772597986093], "Engineer_p": [0.5162091261364252, 0.051217181329775895], "Engineer_c": [0.9789859600496456, 0.03771077196083795], "Developer_": [-0.7033581933881762, -0.21639997647930326], "Artist_mah": [0.3748254000756412, -0.6909316141806311], "Actor_": [-0.40052602993466635, -0.7363708341272793], "Manager_": [-0.7414742108448034, 0.4468124461229988]}