{"x": [0.05670302111978278, -0.3451777306017721, -0.6347874436009882, 0.2985932011248664, 0.3821776664776746, 0.7957365383927548, 0.567578524069283, -0.6005933368068367, 0.7470415572877535, -0.5622444094042599, 0.9753046062199493, 0.412390402073934, 0.5176789282183579, -0.012806803628486343, 0.471262680780481, -0.9268120395523095, 0.3457022984890799, -0.5259719397204995, 0.13422244013545606, 0.966931242109598, -0.2272780134881219, 0.8772611225921653, -0.6268241630428255, 0.920903508337856, -0.4633499070768504, -0.6502027844356103, 0.6082437948210393, -0.8494246548035229, -0.5468024694079179, 0.698931288547842, -0.3276388998285842, 0.022863859189895426, 0.1732927062417128, -0.30442821497828043, 0.8208330379391114, 0.48158720269707544, 0.9282710616599811, 0.9362510859920011, -0.19658933862829112, -0.04140991255837771], "y": [0.3198485291318942, -0.01734975288904183, -0.28920850681117305, -0.7988086348827462, -0.4309955554285017, 0.5159194185734836, -0.7034042492909317, 0.0059058541928771555, -0.44977500453247, 0.7109704672579595, 0.028223557863129425, -0.5986427823589232, 0.22273466847863377, -0.44775373535530755, 0.35383657200046054, -0.2924428097116828, 0.9521685088296865, 0.6907155742390159, 0.9017319206093248, 0.07515502872329753, -0.5425762813468223, -0.3583125895694579, -0.6466686849331459, 0.4334969839089296, 0.49901334309412, -0.1658509750393835, 0.6350127323306253, -0.1276662402437013, 0.32618480638915565, 0.6773605697179351, -0.7941548740363645, -0.8272555072318504, -0.9734911337556374, -0.9069841515525946, -0.31231452526785153, 0.4298658732556019, 0.40117197250461656, -0.4192382182567018, 0.6464926508476412, 0.9785086750926274]}